StartDate,EndDate,Status,IPAddress,Progress,Duration (in seconds),Finished,RecordedDate,ResponseId,RecipientLastName,RecipientFirstName,RecipientEmail,ExternalReference,LocationLatitude,LocationLongitude,DistributionChannel,UserLanguage,Q1.1,Q1.2_Browser,Q1.2_Version,Q1.2_Operating System,Q1.2_Resolution,Q2.1,Q4.2_First Click,Q4.2_Last Click,Q4.2_Page Submit,Q4.2_Click Count,Q5.3_First Click,Q5.3_Last Click,Q5.3_Page Submit,Q5.3_Click Count,Q6.3_First Click,Q6.3_Last Click,Q6.3_Page Submit,Q6.3_Click Count,Q7.2_1,Q7.3_1,Q7.4,Q7.4_DO,Q7.5,Q7.5_DO,Q7.6,Q7.7,Q7.7_DO,Q7.8,Q7.8_DO,Q7.9,Q7.9_DO,Q7.10_First Click,Q7.10_Last Click,Q7.10_Page Submit,Q7.10_Click Count,Q8.1,Q8.2_First Click,Q8.2_Last Click,Q8.2_Page Submit,Q8.2_Click Count,Q9.2_First Click,Q9.2_Last Click,Q9.2_Page Submit,Q9.2_Click Count,mturk_completion_code,Q_TotalDuration,city,state,zip,FL_7_DO
Start Date,End Date,Response Type,IP Address,Progress,Duration (in seconds),Finished,Recorded Date,Response ID,Recipient Last Name,Recipient First Name,Recipient Email,External Data Reference,Location Latitude,Location Longitude,Distribution Channel,User Language,Please enter your Mechanical Turk Worker ID,Browser Meta Info - Browser,Browser Meta Info - Version,Browser Meta Info - Operating System,Browser Meta Info - Resolution,Do you live in Los Angeles County?,Timing - First Click,Timing - Last Click,Timing - Page Submit,Timing - Click Count,Timing - First Click,Timing - Last Click,Timing - Page Submit,Timing - Click Count,Timing - First Click,Timing - Last Click,Timing - Page Submit,Timing - Click Count,Please respond to the following statements. - I find this article credible.,Click to write the question text - How important is it to address the pollution issue addressed in the article?,What is the cost to the shipping industry over the next decade to comply with the new rules?,What is the cost to the shipping industry over the next decade to comply with the new rules? - Display Order,"According to the article, what is *currently* the primary source of smog-forming pollution in the state?","According to the article, what is *currently* the primary source of smog-forming pollution in the state? - Display Order",Which of the following is NOT one of the major negative health outcomes of air pollution as mentioned in the article?,Which of the following reasons is NOT a reason why establishing and enforcing a new shore power rules for ships will be difficult?,Which of the following reasons is NOT a reason why establishing and enforcing a new shore power rules for ships will be difficult? - Display Order,Which statement best describes the shipment industry’s attitude toward state regulators' plan to reduce smoke-causing pollutants?,Which statement best describes the shipment industry’s attitude toward state regulators' plan to reduce smoke-causing pollutants? - Display Order,"According to the article, who currently bears the highest cost of pollution?","According to the article, who currently bears the highest cost of pollution? - Display Order",Timing - First Click,Timing - Last Click,Timing - Page Submit,Timing - Click Count,"If you won the bonus raffle for $100, how much of your winnings would you like to donate toward reducing air pollution?

 
By completing this survey, you will be entered to win a $100 bonus. It is not a hypothetical scenario, but a real raffle that you'll be eligible for! Now, if you win this free money and if you agree, we will donate a portion of the bonus on your behalf and pay you the rest.



Enter a number between $0 and $100, where 0 means you will not donate anything and 100 means you'll donate everything.",Timing - First Click,Timing - Last Click,Timing - Page Submit,Timing - Click Count,Timing - First Click,Timing - Last Click,Timing - Page Submit,Timing - Click Count,mturk_completion_code,Q_TotalDuration,city,state,zip,FL_7 - Block Randomizer - Display Order
"{""ImportId"":""startDate"",""timeZone"":""America/Denver""}","{""ImportId"":""endDate"",""timeZone"":""America/Denver""}","{""ImportId"":""status""}","{""ImportId"":""ipAddress""}","{""ImportId"":""progress""}","{""ImportId"":""duration""}","{""ImportId"":""finished""}","{""ImportId"":""recordedDate"",""timeZone"":""America/Denver""}","{""ImportId"":""_recordId""}","{""ImportId"":""recipientLastName""}","{""ImportId"":""recipientFirstName""}","{""ImportId"":""recipientEmail""}","{""ImportId"":""externalDataReference""}","{""ImportId"":""locationLatitude""}","{""ImportId"":""locationLongitude""}","{""ImportId"":""distributionChannel""}","{""ImportId"":""userLanguage""}","{""ImportId"":""QID66_TEXT""}","{""ImportId"":""QID64_BROWSER""}","{""ImportId"":""QID64_VERSION""}","{""ImportId"":""QID64_OS""}","{""ImportId"":""QID64_RESOLUTION""}","{""ImportId"":""QID65""}","{""ImportId"":""QID63_FIRST_CLICK""}","{""ImportId"":""QID63_LAST_CLICK""}","{""ImportId"":""QID63_PAGE_SUBMIT""}","{""ImportId"":""QID63_CLICK_COUNT""}","{""ImportId"":""QID52_FIRST_CLICK""}","{""ImportId"":""QID52_LAST_CLICK""}","{""ImportId"":""QID52_PAGE_SUBMIT""}","{""ImportId"":""QID52_CLICK_COUNT""}","{""ImportId"":""QID10_FIRST_CLICK""}","{""ImportId"":""QID10_LAST_CLICK""}","{""ImportId"":""QID10_PAGE_SUBMIT""}","{""ImportId"":""QID10_CLICK_COUNT""}","{""ImportId"":""QID12_1""}","{""ImportId"":""QID60_1""}","{""ImportId"":""QID11""}","{""ImportId"":""QID11_DO""}","{""ImportId"":""QID14""}","{""ImportId"":""QID14_DO""}","{""ImportId"":""QID32""}","{""ImportId"":""QID33""}","{""ImportId"":""QID33_DO""}","{""ImportId"":""QID15""}","{""ImportId"":""QID15_DO""}","{""ImportId"":""QID61""}","{""ImportId"":""QID61_DO""}","{""ImportId"":""QID17_FIRST_CLICK""}","{""ImportId"":""QID17_LAST_CLICK""}","{""ImportId"":""QID17_PAGE_SUBMIT""}","{""ImportId"":""QID17_CLICK_COUNT""}","{""ImportId"":""QID37_TEXT""}","{""ImportId"":""QID59_FIRST_CLICK""}","{""ImportId"":""QID59_LAST_CLICK""}","{""ImportId"":""QID59_PAGE_SUBMIT""}","{""ImportId"":""QID59_CLICK_COUNT""}","{""ImportId"":""QID7_FIRST_CLICK""}","{""ImportId"":""QID7_LAST_CLICK""}","{""ImportId"":""QID7_PAGE_SUBMIT""}","{""ImportId"":""QID7_CLICK_COUNT""}","{""ImportId"":""mturk_completion_code""}","{""ImportId"":""Q_TotalDuration""}","{""ImportId"":""city""}","{""ImportId"":""state""}","{""ImportId"":""zip""}","{""ImportId"":""FL_7_DO""}"
2020-03-15 14:45:55,2020-03-15 14:46:06,IP Address,66.177.64.130,20,11,False,2020-03-22 14:46:31,R_1hSf3bcIJNi8UFY,,,,,,,anonymous,EN,,,,,,,,,,,,,,,,,,,,,,,,,,,,,,,,,,,,,,,,,0,0,10.346,0,368464,11,Jacksonville,FL,32277,Article-LA
2020-03-15 14:49:43,2020-03-15 14:55:44,IP Address,99.135.45.101,32,360,False,2020-03-22 14:56:00,R_1Fy918Ys24uRxsX,,,,,,,anonymous,EN,,,,,,,,,,,0,0,352.312,0,,,,,,,,,,,,,,,,,,,,,,,,,,,0,0,4.638,0,858985,360,Miami,FL,33173,Article-LA
2020-03-15 15:05:37,2020-03-15 15:06:22,IP Address,165.231.210.190,32,45,False,2020-03-22 15:07:00,R_1eruCf59Ttj5zFx,,,,,,,anonymous,EN,,,,,,,,,,,0.823,14.994,16.675,5,,,,,,,,,,,,,,,,,,,,,,,,,,,0.037,5.407,6.331,3,890212,45,Dallas,TX,75202,Article-LA
2020-03-23 20:59:20,2020-03-23 21:00:08,IP Address,71.193.28.149,46,47,False,2020-03-30 21:00:47,R_1jdnLXCkTtdAX3A,,,,,,,anonymous,EN,A2VTY63L3RN75V,Chrome,80.0.3987.149,Windows NT 10.0,1280x720,Yes,1.168,7.071,10.307,9,0.971,15.869,16.471,24,,,,,,,,,,,,,,,,,,,,,,,,,,,,,,,864970,47,Sacramento,CA,95823,Article-LA
2020-03-23 21:00:20,2020-03-23 21:02:27,IP Address,205.169.57.77,92,126,False,2020-03-30 21:02:53,R_9YVoYgsfsk7x6gh,,,,,,,anonymous,EN,AIL483ULDFJ6V,Chrome,80.0.3987.149,Windows NT 10.0,1366x768,Yes,7.927,9.447,28.027,5,0,0,23.803,0,,,,,7,5,About $1 million,About $1 million|Over $2 billion|I don't know|About $1 billion|Over $14 billion,Ships that not been retrofitted to run on the city electrical grid,Heavy-duty diesel trucks|I don't know|Ships that not been retrofitted to run on the city electrical grid|Cars|Power plants generating electricity,Early death,The state lacks resources to sufficiently enforce or audit the compliance with the law,The shipping industry protests that the proper equipment to comply with the law is costly|The state lacks resources to sufficiently enforce or audit the compliance with the law|Installing the necessary equipment across many ships in the industry can take long|I don't know|Plugging a ship into shore power requires many workers and several hours,"The industry will be slow to adapt, but can reach 100% compliance by 2030.","A new and strict regulation may be too costly for the industry.|A single ship does not burn enough fuel oil to create pollution damaging to many people’s health.|The industry will be slow to adapt, but can reach 100% compliance by 2030.|The shipment industry needs to relieve the pollution imposed on the residents around the port as soon as possible.|I don't know","State government, in terms of law enforcement and auditing fees","State government, in terms of law enforcement and auditing fees|Residents who live near the port, in terms of negative health impacts.|Shipping industry, in terms of equipment installation fees for all large ships|I don't know|Port authorities, in terms of infrastructure installed for onshore power supplies",4.439,45.832,48.051,10,50,4.975,4.975,11.635,1,,,,,892465,126,Orlando,FL,32804,Article-LA
2020-03-23 21:01:24,2020-03-23 21:02:53,IP Address,173.239.198.237,35,88,False,2020-03-30 21:03:32,R_bNwgvpZKH8fvK01,,,,,,,anonymous,EN,A5UFRAR1C47OR,Chrome,80.0.3987.149,Windows NT 10.0,1280x720,Yes,42.768,42.768,59.135,1,,,,,,,,,,,,,,,,,,,,,,,,,,,,,,,,,,,162298,88,San Jose,CA,95141,Article-LA
2020-03-23 21:03:14,2020-03-23 21:03:20,IP Address,107.185.127.204,35,5,False,2020-03-30 21:03:52,R_2YmnnZoCTaJlt3U,,,,,,,anonymous,EN,AHR3VFB6XCP1L,Chrome,80.0.3987.149,Windows NT 10.0,1920x1080,Yes,0,0,1.71,0,,,,,,,,,,,,,,,,,,,,,,,,,,,,,,,,,,,813042,5,Bell Gardens,CA,90201,Article-NewYork
2020-03-23 21:02:39,2020-03-23 21:03:07,IP Address,108.219.12.36,35,27,False,2020-03-30 21:03:55,R_4UzvPJ3rTJG9bdD,,,,,,,anonymous,EN,A2RNCA7PK35LHT,Chrome,80.0.3987.158,CrOS x86_64 12739.105.0,1366x768,Yes,0,0,17.591,0,,,,,,,,,,,,,,,,,,,,,,,,,,,,,,,,,,,283479,27,Watsonville,CA,95076,Article-LA
2020-03-23 21:05:44,2020-03-23 21:06:17,IP Address,73.66.170.167,12,33,False,2020-03-30 21:06:19,R_1pS9BfvAczeKgjY,,,,,,,anonymous,EN,avlo2irjcsaus,Firefox,74.0,Windows NT 10.0,1920x1080,No,,,,,,,,,,,,,,,,,,,,,,,,,,,,,,,,,,,,,,,656228,33,Folsom,CA,95630,
2020-03-23 21:07:56,2020-03-23 21:08:33,IP Address,103.82.211.192,46,37,False,2020-03-30 21:09:02,R_3Ia8HvssH3pTvr1,,,,,,,anonymous,EN,AFMXD5UFP4221,Chrome,80.0.3987.149,Windows NT 6.1,1366x768,Yes,0,0,2.197,0,,,,,0,0,21.044,0,,,,,,,,,,,,,,,,,,,,,,,,,,,757483,37,Hosur,25,635109,Article-NewYork
2020-03-23 20:59:42,2020-03-23 21:09:23,IP Address,97.46.128.168,92,580,False,2020-03-30 21:10:14,R_2rMjpePQ7yTB2G9,,,,,,,anonymous,EN,A37E36IPU0BJX5,Chrome,72.0.3626.121,Android 5.1.1,320x534,Yes,3.118,21.964,25.254,21,6.726,293.559,298.501,275,,,,,7,7,Over $2 billion,Over $2 billion|Over $14 billion|I don't know|About $1 billion|About $1 million,Heavy-duty diesel trucks,Power plants generating electricity|Ships that not been retrofitted to run on the city electrical grid|Cars|I don't know|Heavy-duty diesel trucks,Bronchitis,The state lacks resources to sufficiently enforce or audit the compliance with the law,Installing the necessary equipment across many ships in the industry can take long|Plugging a ship into shore power requires many workers and several hours|I don't know|The shipping industry protests that the proper equipment to comply with the law is costly|The state lacks resources to sufficiently enforce or audit the compliance with the law,A new and strict regulation may be too costly for the industry.,"The shipment industry needs to relieve the pollution imposed on the residents around the port as soon as possible.|I don't know|A single ship does not burn enough fuel oil to create pollution damaging to many people’s health.|The industry will be slow to adapt, but can reach 100% compliance by 2030.|A new and strict regulation may be too costly for the industry.","Residents who live near the port, in terms of negative health impacts.","Shipping industry, in terms of equipment installation fees for all large ships|I don't know|Residents who live near the port, in terms of negative health impacts.|State government, in terms of law enforcement and auditing fees|Port authorities, in terms of infrastructure installed for onshore power supplies",1.481,126.643,127.765,75,30,1.291,67.137,69.028,21,,,,,373977,580,,AZ,,Article-LA
2020-03-23 21:09:15,2020-03-23 21:10:06,IP Address,99.101.14.69,92,50,False,2020-03-30 21:10:28,R_3gNlDMEJGn2h5Iu,,,,,,,anonymous,EN,A3KMQBXYALQ2TU,Chrome,80.0.3987.122,Windows NT 6.1,1366x768,Yes,1.462,1.462,1.802,1,10.434,10.434,16.906,1,,,,,6,7,About $1 million,Over $2 billion|Over $14 billion|About $1 million|I don't know|About $1 billion,Power plants generating electricity,Ships that not been retrofitted to run on the city electrical grid|Heavy-duty diesel trucks|Power plants generating electricity|I don't know|Cars,Bronchitis,Installing the necessary equipment across many ships in the industry can take long,I don't know|Installing the necessary equipment across many ships in the industry can take long|The state lacks resources to sufficiently enforce or audit the compliance with the law|The shipping industry protests that the proper equipment to comply with the law is costly|Plugging a ship into shore power requires many workers and several hours,A new and strict regulation may be too costly for the industry.,"The shipment industry needs to relieve the pollution imposed on the residents around the port as soon as possible.|The industry will be slow to adapt, but can reach 100% compliance by 2030.|A new and strict regulation may be too costly for the industry.|A single ship does not burn enough fuel oil to create pollution damaging to many people’s health.|I don't know",,"Port authorities, in terms of infrastructure installed for onshore power supplies|Shipping industry, in terms of equipment installation fees for all large ships|Residents who live near the port, in terms of negative health impacts.|I don't know|State government, in terms of law enforcement and auditing fees",1.564,10.139,10.883,9,50,1.393,1.393,3.395,1,,,,,653823,50,San Diego,CA,92131,Article-LA
2020-03-23 21:07:04,2020-03-23 21:11:18,IP Address,24.24.154.168,35,253,False,2020-03-30 21:11:21,R_2WHyMrJjtgpfJZe,,,,,,,anonymous,EN,A2SJC9VRBGNC58,Firefox,74.0,Windows NT 10.0,1472x828,Yes,0,0,3.353,0,,,,,,,,,,,,,,,,,,,,,,,,,,,,,,,,,,,168756,253,Sherman Oaks,CA,91403,Article-NewYork
2020-03-23 21:11:29,2020-03-23 21:11:57,IP Address,108.184.171.98,15,28,False,2020-03-30 21:12:03,R_DUgcUyyRE0id0Ot,,,,,,,anonymous,EN,A3425qawedafds,Firefox,74.0,Windows NT 10.0,1366x768,Yes,,,,,,,,,,,,,,,,,,,,,,,,,,,,,,,,,,,,,,,244203,28,Claremont,CA,91711,
2020-03-23 21:10:58,2020-03-23 21:12:06,IP Address,97.46.128.168,35,67,False,2020-03-30 21:12:17,R_T0hl7wk0FYrGXGV,,,,,,,anonymous,EN,A37E36IPU0BJX5,Chrome,72.0.3626.121,Android 5.1.1,320x534,Yes,1.279,3.312,4.486,3,,,,,,,,,,,,,,,,,,,,,,,,,,,,,,,,,,,653774,67,,AZ,,Article-LA
2020-03-23 21:13:00,2020-03-23 21:13:20,IP Address,220.200.12.94,35,20,False,2020-03-30 21:13:23,R_3DcZPyh4CbkVwBN,,,,,,,anonymous,EN,AD0NVUGLDYDYN,Chrome,80.0.3987.149,Windows NT 10.0,1280x800,Yes,0,0,7.847,0,,,,,,,,,,,,,,,,,,,,,,,,,,,,,,,,,,,551463,20,Fuzhou,07,,Article-NewYork
2020-03-23 21:19:01,2020-03-23 21:20:48,IP Address,45.4.197.103,35,106,False,2020-03-30 21:20:49,R_5szQJJPiKNWAt8J,,,,,,,anonymous,EN,A1J1PWS99LFVPL,Chrome,80.0.3987.149,Windows NT 10.0,1366x768,Yes,0,0,38.839,0,,,,,,,,,,,,,,,,,,,,,,,,,,,,,,,,,,,936230,106,New York,NY,10001,Article-LA
2020-03-23 21:19:27,2020-03-23 21:20:13,IP Address,23.243.69.201,12,46,False,2020-03-30 21:24:52,R_3EGQPtD0qWEhM11,,,,,,,anonymous,EN,A28RKM9Q1FIZEK,Chrome,80.0.3987.149,Windows NT 6.3,1366x768,No,,,,,,,,,,,,,,,,,,,,,,,,,,,,,,,,,,,,,,,731117,46,Los Angeles,CA,90003,
2020-03-23 21:19:00,2020-03-23 21:19:38,IP Address,108.218.178.164,35,37,False,2020-03-30 21:26:39,R_RkTlP8PqoBafI0V,,,,,,,anonymous,EN,A282NN2RO8XZP6,Chrome,80.0.3987.149,Windows NT 10.0,1920x1080,Yes,0,0,30.154,0,,,,,,,,,,,,,,,,,,,,,,,,,,,,,,,,,,,240798,37,Yorba Linda,CA,92886,Article-NewYork
2020-03-23 21:27:14,2020-03-23 21:28:30,IP Address,107.175.153.110,35,76,False,2020-03-30 21:29:18,R_3nT0Gckx7ejwAOd,,,,,,,anonymous,EN,A107MHGX27KJLR,Chrome,80.0.3987.149,Windows NT 6.3,1600x900,Yes,0,0,15.735,0,,,,,,,,,,,,,,,,,,,,,,,,,,,,,,,,,,,974067,76,,,,Article-LA
2020-03-23 21:25:54,2020-03-23 21:34:13,IP Address,107.175.153.110,92,498,False,2020-03-30 21:34:25,R_Rlx23ogKPiOT1iF,,,,,,,anonymous,EN,A107MHGX27KJLR,Chrome,80.0.3987.149,Windows NT 6.3,1600x900,Yes,0,0,11.774,0,,,,,0,0,59.62,0,6,6,About $1 billion,About $1 billion|I don't know|Over $14 billion|About $1 million|Over $2 billion,Cars,Cars|I don't know|Power plants generating electricity|Ships that not been retrofitted to run on the city electrical grid|Heavy-duty diesel trucks,Cancer,The state lacks resources to sufficiently enforce or audit the compliance with the law,The shipping industry protests that the proper equipment to comply with the law is costly|Plugging a ship into shore power requires many workers and several hours|Installing the necessary equipment across many ships in the industry can take long|I don't know|The state lacks resources to sufficiently enforce or audit the compliance with the law,The shipment industry needs to relieve the pollution imposed on the residents around the port as soon as possible.,"I don't know|A single ship does not burn enough fuel oil to create pollution damaging to many people’s health.|The industry will be slow to adapt, but can reach 100% compliance by 2030.|A new and strict regulation may be too costly for the industry.|The shipment industry needs to relieve the pollution imposed on the residents around the port as soon as possible.","State government, in terms of law enforcement and auditing fees","I don't know|Shipping industry, in terms of equipment installation fees for all large ships|State government, in terms of law enforcement and auditing fees|Port authorities, in terms of infrastructure installed for onshore power supplies|Residents who live near the port, in terms of negative health impacts.",6.436,387.617,395.282,12,0,2.703,2.703,9.642,1,,,,,478947,498,,,,Article-NewYork
2020-03-23 21:37:04,2020-03-23 21:37:11,IP Address,23.125.217.105,12,6,False,2020-03-30 21:37:27,R_3gRAcAnwLGM57Mi,,,,,,,anonymous,EN,A3EEDLWUFR4B9L,Chrome,80.0.3987.149,Windows NT 10.0,1536x864,No,,,,,,,,,,,,,,,,,,,,,,,,,,,,,,,,,,,,,,,169114,6,Buena Park,CA,90620,
2020-03-23 21:39:02,2020-03-23 21:39:09,IP Address,24.5.195.24,15,7,False,2020-03-30 21:39:10,R_2E00t6hhKLr1M4a,,,,,,,anonymous,EN,A3T5UAYFKJBVTA,Chrome,80.0.3987.132,Macintosh,1440x900,Yes,,,,,,,,,,,,,,,,,,,,,,,,,,,,,,,,,,,,,,,389708,7,San Jose,CA,95111,
2020-03-23 21:39:29,2020-03-23 21:41:50,IP Address,108.239.226.210,92,141,False,2020-03-30 21:42:12,R_D6phDfbWhm41Exr,,,,,,,anonymous,EN,A1JDU4SNECC7QP,Chrome,80.0.3987.149,Windows NT 10.0,1364x768,Yes,0,0,16.055,0,,,,,0,0,17.717,0,5,6,Over $2 billion,I don't know|Over $2 billion|Over $14 billion|About $1 million|About $1 billion,Cars,Heavy-duty diesel trucks|Power plants generating electricity|Cars|I don't know|Ships that not been retrofitted to run on the city electrical grid,Cancer,I don't know,Installing the necessary equipment across many ships in the industry can take long|I don't know|The shipping industry protests that the proper equipment to comply with the law is costly|The state lacks resources to sufficiently enforce or audit the compliance with the law|Plugging a ship into shore power requires many workers and several hours,A new and strict regulation may be too costly for the industry.,"A new and strict regulation may be too costly for the industry.|I don't know|The industry will be slow to adapt, but can reach 100% compliance by 2030.|The shipment industry needs to relieve the pollution imposed on the residents around the port as soon as possible.|A single ship does not burn enough fuel oil to create pollution damaging to many people’s health.","Port authorities, in terms of infrastructure installed for onshore power supplies","State government, in terms of law enforcement and auditing fees|Shipping industry, in terms of equipment installation fees for all large ships|Port authorities, in terms of infrastructure installed for onshore power supplies|I don't know|Residents who live near the port, in terms of negative health impacts.",4.101,44.012,48.686,10,98,4.958,4.958,28.354,1,,,,,750813,141,Vallejo,CA,94590,Article-NewYork
2020-03-23 21:14:23,2020-03-23 21:22:52,IP Address,45.4.199.238,92,509,False,2020-03-30 21:43:56,R_3ixRxKZWzkCos9Z,,,,,,,anonymous,EN,ASQYT0J84ZD8G,Chrome,80.0.3987.149,Windows NT 6.1,1280x768,Yes,3.375,9.305,12.967,2,33.47,39.069,45.377,2,,,,,6,5,About $1 billion,Over $2 billion|I don't know|Over $14 billion|About $1 million|About $1 billion,Cars,Power plants generating electricity|I don't know|Cars|Heavy-duty diesel trucks|Ships that not been retrofitted to run on the city electrical grid,Bronchitis,Installing the necessary equipment across many ships in the industry can take long,I don't know|Installing the necessary equipment across many ships in the industry can take long|The state lacks resources to sufficiently enforce or audit the compliance with the law|Plugging a ship into shore power requires many workers and several hours|The shipping industry protests that the proper equipment to comply with the law is costly,"The industry will be slow to adapt, but can reach 100% compliance by 2030.","The shipment industry needs to relieve the pollution imposed on the residents around the port as soon as possible.|A new and strict regulation may be too costly for the industry.|A single ship does not burn enough fuel oil to create pollution damaging to many people’s health.|The industry will be slow to adapt, but can reach 100% compliance by 2030.|I don't know","State government, in terms of law enforcement and auditing fees","I don't know|Residents who live near the port, in terms of negative health impacts.|Shipping industry, in terms of equipment installation fees for all large ships|Port authorities, in terms of infrastructure installed for onshore power supplies|State government, in terms of law enforcement and auditing fees",7.638,374.526,378.994,12,0,3.114,46.33,49.229,4,,,,,936044,509,New York,NY,10001,Article-LA
2020-03-23 21:44:33,2020-03-23 21:44:43,IP Address,104.173.49.192,35,10,False,2020-03-30 21:45:21,R_BFmk2Ucw6G7bRhD,,,,,,,anonymous,EN,I,Safari iPhone,13.0.5,iPhone,375x812,Yes,1.128,1.128,3.867,1,,,,,,,,,,,,,,,,,,,,,,,,,,,,,,,,,,,595333,10,Hemet,CA,92544,Article-LA
2020-03-23 21:48:28,2020-03-23 21:55:16,IP Address,64.52.130.236,92,407,False,2020-03-30 21:55:17,R_sYd3uRG81dAiboB,,,,,,,anonymous,EN,A17V85U8PXS4LJ,Chrome,80.0.3987.149,Windows NT 10.0,1280x1024,Yes,2.62,2.62,4.028,1,6.342,183.806,299.367,6,,,,,6,6,Over $14 billion,I don't know|Over $2 billion|Over $14 billion|About $1 billion|About $1 million,Cars,Heavy-duty diesel trucks|Ships that not been retrofitted to run on the city electrical grid|Power plants generating electricity|I don't know|Cars,I don't know,The shipping industry protests that the proper equipment to comply with the law is costly,The state lacks resources to sufficiently enforce or audit the compliance with the law|I don't know|Installing the necessary equipment across many ships in the industry can take long|The shipping industry protests that the proper equipment to comply with the law is costly|Plugging a ship into shore power requires many workers and several hours,The shipment industry needs to relieve the pollution imposed on the residents around the port as soon as possible.,"The industry will be slow to adapt, but can reach 100% compliance by 2030.|The shipment industry needs to relieve the pollution imposed on the residents around the port as soon as possible.|A single ship does not burn enough fuel oil to create pollution damaging to many people’s health.|I don't know|A new and strict regulation may be too costly for the industry.","Residents who live near the port, in terms of negative health impacts.","State government, in terms of law enforcement and auditing fees|Shipping industry, in terms of equipment installation fees for all large ships|I don't know|Residents who live near the port, in terms of negative health impacts.|Port authorities, in terms of infrastructure installed for onshore power supplies",11.255,78.902,79.936,16,5,3.827,3.827,6.251,1,,,,,456448,407,Monrovia,CA,91016,Article-LA
2020-03-23 21:54:37,2020-03-23 21:55:12,IP Address,47.148.224.173,35,34,False,2020-03-30 21:55:29,R_3PGFmgiP2e3EzLx,,,,,,,anonymous,EN,A1MP5J56GBFM18,Safari,13.0.5,Macintosh,1440x900,Yes,0,0,2.85,0,,,,,,,,,,,,,,,,,,,,,,,,,,,,,,,,,,,185225,34,Perris,CA,92571,Article-NewYork
2020-03-23 22:01:47,2020-03-23 22:02:24,IP Address,73.66.56.180,8,36,False,2020-03-30 22:02:24,R_1LGXObLtcZrBDzA,,,,,,,anonymous,EN,A2PK2JP60TTO7N,Chrome,80.0.3987.149,Windows NT 10.0,1280x720,,,,,,,,,,,,,,,,,,,,,,,,,,,,,,,,,,,,,,,,651907,36,Fair Oaks,CA,95628,
2020-03-23 22:11:34,2020-03-23 22:12:08,IP Address,23.124.26.142,35,34,False,2020-03-30 22:13:05,R_2S0T9Bv6ovlvUcN,,,,,,,anonymous,EN,A3S3YW7ZDE7BS,Chrome,80.0.3987.149,Android 9,360x720,Yes,1.583,3.518,9.503,3,,,,,,,,,,,,,,,,,,,,,,,,,,,,,,,,,,,332479,34,Ojai,CA,93023,Article-NewYork
2020-03-23 22:30:23,2020-03-23 22:32:14,IP Address,47.157.48.131,46,111,False,2020-03-30 22:32:16,R_33sAD73lZuPmjxq,,,,,,,anonymous,EN,A23JDP71XAI983,Chrome,80.0.3987.149,Windows NT 6.3,1366x768,Yes,0,0,53.85,0,0,0,22.745,0,,,,,,,,,,,,,,,,,,,,,,,,,,,,,,,291365,111,Glendora,CA,91741,Article-LA
2020-03-23 21:54:54,2020-03-23 22:34:30,IP Address,97.86.146.249,35,2376,False,2020-03-30 22:34:31,R_RqstsLZjDWCDOiB,,,,,,,anonymous,EN,ADOA6CWS9LA9,Chrome,79.0.3945.130,Windows NT 6.3,1600x900,Yes,6.886,7.267,8.699,2,,,,,,,,,,,,,,,,,,,,,,,,,,,,,,,,,,,305535,2376,Hollister,CA,95023,Article-LA
2020-03-23 22:44:16,2020-03-23 22:44:53,IP Address,75.18.243.148,12,36,False,2020-03-30 22:44:54,R_2Pvy6Nj3DG75dpx,,,,,,,anonymous,EN," COPIEDA27VOLGVS8N53G",Chrome,72.0.3626.121,Macintosh,1920x1080,No,,,,,,,,,,,,,,,,,,,,,,,,,,,,,,,,,,,,,,,338277,36,San Francisco,CA,94116,
2020-03-23 22:36:40,2020-03-23 22:47:49,IP Address,75.142.127.148,46,668,False,2020-03-30 22:48:31,R_d6D0vpGsJIbL1a9,,,,,,,anonymous,EN,A34Z3DVUOHC61R,Edge,18.18362,Windows NT 10.0,1093x614,Yes,4.818,37.004,55.783,3,10.546,327.214,328.557,14,,,,,,,,,,,,,,,,,,,,,,,,,,,,,,,868215,668,Long Beach,CA,90804,Article-LA
2020-03-23 22:49:49,2020-03-23 22:50:52,IP Address,70.95.30.129,46,63,False,2020-03-30 22:50:59,R_2BbWf9oOE6QooOk,,,,,,,anonymous,EN,A1N53V41FMCR7Q,Chrome,80.0.3987.149,Windows NT 10.0,3440x1440,Yes,0,0,2.65,0,,,,,28.83,47.685,48.204,7,,,,,,,,,,,,,,,,,,,,,,,,,,,356400,63,San Diego,CA,92126,Article-NewYork
2020-03-23 23:00:02,2020-03-23 23:00:25,IP Address,172.89.35.106,15,23,False,2020-03-30 23:00:39,R_3HYQ55y4m9F4Mmp,,,,,,,anonymous,EN,A1AACVGWWZIYLQ,Firefox,68.0,Android 8.1.0,360x592,Yes,,,,,,,,,,,,,,,,,,,,,,,,,,,,,,,,,,,,,,,140014,23,Placentia,CA,92870,
2020-03-23 23:00:38,2020-03-23 23:01:05,IP Address,172.89.35.106,12,26,False,2020-03-30 23:01:59,R_30knsal3oIideYi,,,,,,,anonymous,EN,A1AACVGWWZIYLQ,Firefox,68.0,Android 8.1.0,360x592,No,,,,,,,,,,,,,,,,,,,,,,,,,,,,,,,,,,,,,,,686898,26,Placentia,CA,92870,
2020-03-23 23:04:20,2020-03-23 23:11:46,IP Address,99.175.66.133,46,445,False,2020-03-30 23:11:55,R_2foHZdbwOYvHG9Z,,,,,,,anonymous,EN,A3TDUHEBFJ53NM,Firefox,74.0,Windows NT 10.0,1920x1080,Yes,0,0,15.573,0,56.01,118.691,305.338,3,,,,,,,,,,,,,,,,,,,,,,,,,,,,,,,752530,445,Los Angeles,CA,90023,Article-LA
2020-03-23 23:16:19,2020-03-23 23:17:51,IP Address,68.8.150.53,46,91,False,2020-03-30 23:17:59,R_2rZwgNOO4jfczyK,,,,,,,anonymous,EN,A1K3EVN2Y9DKBZ,Chrome,80.0.3987.149,Macintosh,1440x900,Yes,2.255,4.032,4.566,3,0,0,78.2,0,,,,,,,,,,,,,,,,,,,,,,,,,,,,,,,332504,91,San Diego,CA,92114,Article-LA
2020-03-23 23:35:12,2020-03-23 23:39:24,IP Address,76.29.161.217,92,251,False,2020-03-30 23:40:03,R_1gSL082T4tDmCZN,,,,,,,anonymous,EN,a1kk1z0edzx9f3,Chrome,80.0.3987.149,Windows NT 10.0,1680x1050,Yes,0,0,45.084,0,0,0,61.053,0,,,,,6,7,Over $14 billion,Over $14 billion|Over $2 billion|I don't know|About $1 billion|About $1 million,Ships that not been retrofitted to run on the city electrical grid,Heavy-duty diesel trucks|Ships that not been retrofitted to run on the city electrical grid|I don't know|Power plants generating electricity|Cars,Cancer,The shipping industry protests that the proper equipment to comply with the law is costly,I don't know|Plugging a ship into shore power requires many workers and several hours|Installing the necessary equipment across many ships in the industry can take long|The shipping industry protests that the proper equipment to comply with the law is costly|The state lacks resources to sufficiently enforce or audit the compliance with the law,"The industry will be slow to adapt, but can reach 100% compliance by 2030.","The shipment industry needs to relieve the pollution imposed on the residents around the port as soon as possible.|A single ship does not burn enough fuel oil to create pollution damaging to many people’s health.|A new and strict regulation may be too costly for the industry.|I don't know|The industry will be slow to adapt, but can reach 100% compliance by 2030.","State government, in terms of law enforcement and auditing fees","State government, in terms of law enforcement and auditing fees|Shipping industry, in terms of equipment installation fees for all large ships|Port authorities, in terms of infrastructure installed for onshore power supplies|Residents who live near the port, in terms of negative health impacts.|I don't know",6.543,104.31,105.33,12,50,6.178,6.178,9.149,1,,,,,404977,251,Modesto,CA,95350,Article-LA
2020-03-23 23:45:03,2020-03-23 23:47:04,IP Address,73.70.246.208,15,120,False,2020-03-30 23:47:27,R_2waauqkzyctWjQd,,,,,,,anonymous,EN,A37T1MVUL5YIC0,Edge,18.18363,Windows NT 10.0,1242x698,Yes,,,,,,,,,,,,,,,,,,,,,,,,,,,,,,,,,,,,,,,806768,120,Vacaville,CA,95687,
2020-03-23 23:52:12,2020-03-23 23:56:51,IP Address,47.155.198.247,92,279,False,2020-03-30 23:57:03,R_3PFXZOzAx2Sk0jf,,,,,,,anonymous,EN,A2IGOO5B976XDF,Edge,18.18362,Windows NT 10.0,1280x720,Yes,0,0,1.94,0,,,,,38.484,38.484,121.298,1,6,6,About $1 billion,Over $2 billion|About $1 million|About $1 billion|I don't know|Over $14 billion,Ships that not been retrofitted to run on the city electrical grid,Cars|Ships that not been retrofitted to run on the city electrical grid|I don't know|Heavy-duty diesel trucks|Power plants generating electricity,Bronchitis,The shipping industry protests that the proper equipment to comply with the law is costly,Installing the necessary equipment across many ships in the industry can take long|The state lacks resources to sufficiently enforce or audit the compliance with the law|The shipping industry protests that the proper equipment to comply with the law is costly|I don't know|Plugging a ship into shore power requires many workers and several hours,A new and strict regulation may be too costly for the industry.,"The industry will be slow to adapt, but can reach 100% compliance by 2030.|A new and strict regulation may be too costly for the industry.|A single ship does not burn enough fuel oil to create pollution damaging to many people’s health.|I don't know|The shipment industry needs to relieve the pollution imposed on the residents around the port as soon as possible.","Residents who live near the port, in terms of negative health impacts.","State government, in terms of law enforcement and auditing fees|Residents who live near the port, in terms of negative health impacts.|Shipping industry, in terms of equipment installation fees for all large ships|I don't know|Port authorities, in terms of infrastructure installed for onshore power supplies",3.06,82.251,83.719,12,10,14.86,14.86,20.07,1,,,,,863140,279,Downey,CA,90242,Article-NewYork
2020-03-24 00:02:56,2020-03-24 00:09:47,IP Address,71.84.20.24,92,410,False,2020-03-31 00:10:45,R_2wH3ncOK7xSovEd,,,,,,,anonymous,EN,A2MM10557W7PLD,Chrome,79.0.3945.117,Macintosh,1280x800,Yes,8.663,8.663,9.776,1,106.461,106.461,150.754,1,,,,,5,4,Over $2 billion,Over $14 billion|About $1 billion|I don't know|About $1 million|Over $2 billion,Heavy-duty diesel trucks,Ships that not been retrofitted to run on the city electrical grid|Power plants generating electricity|Heavy-duty diesel trucks|Cars|I don't know,Bronchitis,The state lacks resources to sufficiently enforce or audit the compliance with the law,Installing the necessary equipment across many ships in the industry can take long|The state lacks resources to sufficiently enforce or audit the compliance with the law|The shipping industry protests that the proper equipment to comply with the law is costly|Plugging a ship into shore power requires many workers and several hours|I don't know,A new and strict regulation may be too costly for the industry.,"I don't know|A new and strict regulation may be too costly for the industry.|The shipment industry needs to relieve the pollution imposed on the residents around the port as soon as possible.|The industry will be slow to adapt, but can reach 100% compliance by 2030.|A single ship does not burn enough fuel oil to create pollution damaging to many people’s health.","Residents who live near the port, in terms of negative health impacts.","Port authorities, in terms of infrastructure installed for onshore power supplies|State government, in terms of law enforcement and auditing fees|Shipping industry, in terms of equipment installation fees for all large ships|I don't know|Residents who live near the port, in terms of negative health impacts.",4.498,188.519,190.209,10,0,3.692,3.692,9.422,1,,,,,225113,410,Paso Robles,CA,93446,Article-LA
2020-03-24 00:41:23,2020-03-24 00:42:07,IP Address,96.39.238.51,35,43,False,2020-03-31 00:42:10,R_1jKf50GlAPCjV2F,,,,,,,anonymous,EN,A2UAHW3Q7S45JP,Chrome,80.0.3987.149,Windows NT 10.0,1707x960,Yes,0,0,23.023,0,,,,,,,,,,,,,,,,,,,,,,,,,,,,,,,,,,,575861,43,Long Beach,CA,90804,Article-NewYork
2020-03-24 00:34:15,2020-03-24 00:42:50,IP Address,135.180.42.34,35,515,False,2020-03-31 00:43:14,R_3hseanmzcO1fcKj,,,,,,,anonymous,EN,A391L408MBCJCT,Chrome,80.0.3987.149,Windows NT 6.1,1152x720,Yes,74.468,83.715,85.751,3,,,,,,,,,,,,,,,,,,,,,,,,,,,,,,,,,,,674206,515,Oakland,CA,94609,Article-NewYork
2020-03-24 00:59:50,2020-03-24 00:59:58,IP Address,66.214.235.25,35,7,False,2020-03-31 01:00:38,R_38xEVAfxzLSvkOZ,,,,,,,anonymous,EN,mio,Chrome,80.0.3987.149,Macintosh,1440x900,Yes,0,0,1.74,0,,,,,,,,,,,,,,,,,,,,,,,,,,,,,,,,,,,797370,7,West Covina,CA,91790,Article-NewYork
2020-03-24 01:05:27,2020-03-24 01:08:52,IP Address,108.238.168.46,46,205,False,2020-03-31 01:08:56,R_1diEy3gGYyA8Lcl,,,,,,,anonymous,EN,A1SS1WAVZAXY44,Chrome,80.0.3987.132,Android 7.1.1,360x640,Yes,4.206,9.184,11.954,4,,,,,8.596,163.27,180.452,64,,,,,,,,,,,,,,,,,,,,,,,,,,,519668,205,Lynwood,CA,90262,Article-NewYork
2020-03-24 01:17:41,2020-03-24 01:18:14,IP Address,108.197.150.209,35,32,False,2020-03-31 01:18:23,R_2YsUXB8mSrNablC,,,,,,,anonymous,EN,ABEU56A0TRZ7S,Chrome,80.0.3987.149,Windows NT 10.0,1536x864,Yes,0,0,15.788,0,,,,,,,,,,,,,,,,,,,,,,,,,,,,,,,,,,,139539,32,Santa Ana,CA,92704,Article-LA
2020-03-24 01:00:29,2020-03-24 01:22:42,IP Address,172.114.36.250,92,1333,False,2020-03-31 01:23:26,R_1Nw4qAyuqLgyFQ8,,,,,,,anonymous,EN,AGZIIP9ILTRKF,Chrome,80.0.3987.132,Windows NT 10.0,1280x720,Yes,0,0,50.948,0,,,,,0,0,999.378,0,6,7,About $1 billion,Over $14 billion|I don't know|About $1 billion|About $1 million|Over $2 billion,Ships that not been retrofitted to run on the city electrical grid,Power plants generating electricity|I don't know|Ships that not been retrofitted to run on the city electrical grid|Heavy-duty diesel trucks|Cars,Bronchitis,The shipping industry protests that the proper equipment to comply with the law is costly,Plugging a ship into shore power requires many workers and several hours|Installing the necessary equipment across many ships in the industry can take long|The state lacks resources to sufficiently enforce or audit the compliance with the law|I don't know|The shipping industry protests that the proper equipment to comply with the law is costly,"The industry will be slow to adapt, but can reach 100% compliance by 2030.","The shipment industry needs to relieve the pollution imposed on the residents around the port as soon as possible.|A single ship does not burn enough fuel oil to create pollution damaging to many people’s health.|I don't know|The industry will be slow to adapt, but can reach 100% compliance by 2030.|A new and strict regulation may be too costly for the industry.","Port authorities, in terms of infrastructure installed for onshore power supplies","Port authorities, in terms of infrastructure installed for onshore power supplies|Shipping industry, in terms of equipment installation fees for all large ships|Residents who live near the port, in terms of negative health impacts.|I don't know|State government, in terms of law enforcement and auditing fees",14.565,212.059,215.884,17,50,37.473,37.473,43.493,1,,,,,645200,1333,Torrance,CA,90504,Article-NewYork
2020-03-24 01:27:48,2020-03-24 01:28:14,IP Address,66.85.185.70,35,26,False,2020-03-31 01:28:22,R_vcvUXjTCYZHB0eB,,,,,,,anonymous,EN,A3VRDQJNM1IC0E,Chrome,81.0.4044.69,Macintosh,1280x800,Yes,0,0,7.954,0,,,,,,,,,,,,,,,,,,,,,,,,,,,,,,,,,,,159984,26,Phoenix,AZ,85001,Article-LA
2020-03-24 01:46:39,2020-03-24 01:48:11,IP Address,197.36.180.31,46,91,False,2020-03-31 01:48:13,R_1hWGe4KfYlPTf9a,,,,,,,anonymous,EN,A3AMOEK8O4YPMH,Chrome,75.0.3770.143,Android 10,412x846,Yes,0.879,2.287,5.849,3,4.417,18.552,22.462,25,,,,,,,,,,,,,,,,,,,,,,,,,,,,,,,829210,91,Cairo,11,,Article-LA
2020-03-24 01:48:04,2020-03-24 01:51:44,IP Address,172.89.96.3,46,219,False,2020-03-31 01:51:52,R_3JF5YUiiNmjf45R,,,,,,,anonymous,EN,A17OINLIDZ0C14,Chrome,80.0.3987.149,Windows NT 10.0,1920x1080,Yes,0,0,2.256,0,,,,,10.324,10.324,139.345,1,,,,,,,,,,,,,,,,,,,,,,,,,,,343572,219,Lancaster,CA,93535,Article-NewYork
2020-03-24 01:55:49,2020-03-24 01:56:47,IP Address,197.36.180.31,46,58,False,2020-03-31 01:57:02,R_5AYAmSSTzQKD2gx,,,,,,,anonymous,EN,"A3AMOEK8O4YPMH ",Chrome,80.0.3987.149,Windows NT 10.0,1280x720,Yes,0,0,8.95,0,,,,,9.262,9.821,21.777,2,,,,,,,,,,,,,,,,,,,,,,,,,,,197914,58,Cairo,11,,Article-NewYork
2020-03-24 01:48:48,2020-03-24 02:09:01,IP Address,105.39.122.176,46,1212,False,2020-03-31 02:09:40,R_1FeuqYvgjhSZ7zl,,,,,,,anonymous,EN,A3AMOEK8O4YPMH,Chrome,75.0.3770.143,Android 10,412x846,Yes,1.547,1.984,2.956,2,,,,,0.954,155.311,156.703,18,,,,,,,,,,,,,,,,,,,,,,,,,,,691793,1212,Cairo,11,,Article-NewYork
2020-03-24 02:11:03,2020-03-24 02:11:19,IP Address,198.148.88.250,35,15,False,2020-03-31 02:11:39,R_ZC5wY9LhzZUtYCl,,,,,,,anonymous,EN,A1GHQUEOH16HQ9,Chrome,80.0.3987.132,Windows NT 6.1,1366x768,Yes,0,0,6.919,0,,,,,,,,,,,,,,,,,,,,,,,,,,,,,,,,,,,495848,15,Denver,CO,80202,Article-LA
2020-03-24 02:12:21,2020-03-24 02:12:33,IP Address,198.148.88.250,35,12,False,2020-03-31 02:12:47,R_XCggTE9mOKWWxCF,,,,,,,anonymous,EN,A1GHQUEOH16HQ9,Chrome,80.0.3987.132,Windows NT 6.1,1366x768,Yes,0,0,2.261,0,,,,,,,,,,,,,,,,,,,,,,,,,,,,,,,,,,,750123,12,Denver,CO,80202,Article-NewYork
2020-03-24 03:10:38,2020-03-24 03:10:52,IP Address,23.241.121.98,35,13,False,2020-03-31 03:11:03,R_2tnj2g9p72Fxhv2,,,,,,,anonymous,EN,Bg67589,Safari iPhone,13.0.5,iPhone,414x896,Yes,0.174,1.911,3.11,4,,,,,,,,,,,,,,,,,,,,,,,,,,,,,,,,,,,463015,13,Venice,CA,90291,Article-NewYork
2020-03-24 03:20:15,2020-03-24 03:23:02,IP Address,47.41.43.54,46,167,False,2020-03-31 03:23:33,R_Ahtjd5elF7H1Ihr,,,,,,,anonymous,EN,A31K79PQ18A3P0,Chrome,79.0.3945.130,Macintosh,1152x720,Yes,0,0,6.587,0,,,,,0,0,33.501,0,,,,,,,,,,,,,,,,,,,,,,,,,,,578019,167,Riverside,CA,92504,Article-NewYork
2020-03-24 04:24:29,2020-03-24 04:24:48,IP Address,76.91.195.62,35,18,False,2020-03-31 04:25:11,R_3ozFxHa18ofvIq5,,,,,,,anonymous,EN,oitfdtyhhyguguiknolpj,Chrome,80.0.3987.132,Windows NT 10.0,1536x864,Yes,1.751,2.255,3.042,2,,,,,,,,,,,,,,,,,,,,,,,,,,,,,,,,,,,169653,18,Los Angeles,CA,90045,Article-LA
2020-03-24 04:35:35,2020-03-24 04:52:06,IP Address,98.207.213.243,92,990,False,2020-03-31 04:52:34,R_3n0B9xBIyjo5mIi,,,,,,,anonymous,EN,A2RINH8P33GL6H,Chrome,80.0.3987.149,Windows NT 10.0,1536x864,Yes,24.035,24.035,31.54,1,134.785,296.029,298.082,19,,,,,6,6,Over $2 billion,Over $14 billion|Over $2 billion|I don't know|About $1 million|About $1 billion,Ships that not been retrofitted to run on the city electrical grid,Power plants generating electricity|Ships that not been retrofitted to run on the city electrical grid|I don't know|Heavy-duty diesel trucks|Cars,Early death,Plugging a ship into shore power requires many workers and several hours,Plugging a ship into shore power requires many workers and several hours|Installing the necessary equipment across many ships in the industry can take long|I don't know|The shipping industry protests that the proper equipment to comply with the law is costly|The state lacks resources to sufficiently enforce or audit the compliance with the law,A new and strict regulation may be too costly for the industry.,"The shipment industry needs to relieve the pollution imposed on the residents around the port as soon as possible.|A single ship does not burn enough fuel oil to create pollution damaging to many people’s health.|I don't know|The industry will be slow to adapt, but can reach 100% compliance by 2030.|A new and strict regulation may be too costly for the industry.","Residents who live near the port, in terms of negative health impacts.","Shipping industry, in terms of equipment installation fees for all large ships|I don't know|Residents who live near the port, in terms of negative health impacts.|Port authorities, in terms of infrastructure installed for onshore power supplies|State government, in terms of law enforcement and auditing fees",7.212,405.646,408.514,51,40,8.185,13.937,20.715,2,,,,,403363,990,Pleasanton,CA,94566,Article-LA
2020-03-24 04:58:46,2020-03-24 04:59:24,IP Address,76.103.236.207,46,37,False,2020-03-31 05:00:03,R_25TI4SwQwXAzX8E,,,,,,,anonymous,EN,A3J792104WPJ10,Chrome,80.0.3987.149,Windows NT 6.3,1920x1080,Yes,0.948,1.662,2.78,2,1.034,15.756,26.048,6,,,,,,,,,,,,,,,,,,,,,,,,,,,,,,,847356,37,Pleasanton,CA,94588,Article-LA
2020-03-24 05:15:06,2020-03-24 05:17:22,IP Address,104.236.195.72,35,136,False,2020-03-31 05:17:47,R_x9LClE8QXG00B9L,,,,,,,anonymous,EN,A28WSBB0DSV47X,Chrome,80.0.3987.149,Windows NT 6.3,1366x768,Yes,2.793,2.793,4.972,1,,,,,,,,,,,,,,,,,,,,,,,,,,,,,,,,,,,143861,136,Clifton,NJ,07014,Article-LA
2020-03-24 06:19:57,2020-03-24 06:20:20,IP Address,107.13.250.237,35,23,False,2020-03-31 06:20:53,R_126mXEGz1SL0blK,,,,,,,anonymous,EN,A2WC2NO555XU3J,Chrome,80.0.3987.149,Windows NT 10.0,1920x1080,Yes,0,0,6.367,0,,,,,,,,,,,,,,,,,,,,,,,,,,,,,,,,,,,944881,23,Raleigh,NC,27601,Article-NewYork
2020-03-24 07:26:43,2020-03-24 07:26:52,IP Address,68.7.60.174,15,8,False,2020-03-31 07:27:01,R_2fDTklvRaic9JGe,,,,,,,anonymous,EN,A2SCNPXHXLGYJJ,Chrome,80.0.3987.132,Android 8.1.0,360x640,Yes,,,,,,,,,,,,,,,,,,,,,,,,,,,,,,,,,,,,,,,321954,8,El Cajon,CA,92020,
